,rank,name,year,IMDB_rating,country,genres,budget,revenue,keywords,MLens_rating,tmdb_id
0,1,The Shawshank Redemption,1994,9.2,US,Drama/Crime,25000000,28341469,prison/corruption/police brutality/prison cell/delinquent/parole board/prison escape/wrongful imprisonment/framed for murder/1940s,4.469993781094527,278
1,2,The Godfather,1972,9.1,US,Drama/Crime,6000000,245066411,italy/loss of loved one/love at first sight/italian american/europe/patriarch/organized crime/mafia/lawyer/crime family/rise to power/mob boss/1940s/1950s,4.388160973327094,238
2,3,The Godfather: Part II,1974,9.0,US,Drama/Crime,13000000,102600000,italy/italian american/cuba/melancholy/praise/revenge/mafia/lawyer/blood/suburb/corrupt politician/bloody body of child/man punches woman,4.278561354019746,240
3,4,The Dark Knight,2008,9.0,GB,Drama/Action/Crime/Thriller,185000000,1004558444,dc comics/crime fighter/secret identity/scarecrow/sadism/chaos/vigilante/joker/superhero/based on comic/tragic hero/organized crime/criminal mastermind/district attorney/super power/imax/super villain/batman,4.242967992240543,155
4,5,12 Angry Men,1957,8.9,US,Drama,350000,1000000,judge/jurors/sultriness/death penalty/father murder/puerto rican/anonymity/court case/heat/group/class/innocence/court/courtroom,4.231494920174166,389
5,6,Schindler's List,1993,8.9,US,Drama/History/War,22000000,321365567,based on novel or book/factory/concentration camp/hero/holocaust (shoah)/world war ii/ghetto/jew persecution/krakow/auschwitz-birkenau concentration camp/industrialist/jew/nazi/defense industry/biography/based on a true story/train/poland/ss/weapons manufacturer,4.295612009237876,424
6,7,The Lord of the Rings: The Return of the King,2003,8.9,NZ,Adventure/Fantasy/Action,94000000,1118888979,elves/dwarf/orcs/middle-earth (tolkien)/hobbit/based on novel or book/suspicion/volcano/power/giant spider/bravery/war/addiction/honor/royalty/troll/brutality/violence/ghost/wizard/quest/sword and sorcery,4.1266213712168005,122
7,8,Pulp Fiction,1994,8.9,US,Thriller/Crime,8000000,213928762,"transporter/drug dealer/boxer/massage/stolen money/crime boss/dance competition/junkyard/kamikaze/briefcase/redemption/heirloom/los angeles, california/theft/violence/nonlinear timeline/shared universe",4.153516295025729,680
8,9,"Il buono, il brutto, il cattivo",1966,8.8,US,Western,1200000,25100000,bounty hunter/refugee/gold/anti hero/gallows/hitman/army/outlaw/shootout/moral ambiguity/spaghetti western,4.155059132720105,429
9,10,Fight Club,1999,8.8,DE,Drama,63000000,100853753,support group/dual identity/nihilism/fight/rage and hate/insomnia/dystopia/alter ego/violence/cult film/split personality/quitting a job/dissociative identity disorder,4.2191846522781775,550
10,11,The Lord of the Rings: The Fellowship of the Ring,2001,8.8,NZ,Adventure/Fantasy/Action,93000000,871368364,elves/dwarf/orcs/middle-earth (tolkien)/hobbit/loss of loved one/based on novel or book/river/mountain/mine/fireworks/castle/volcano/power/birthday party/uncle/addiction/battle/blizzard/wizard/journey/ring/sword and sorcery,4.1402010050251254,120
11,12,Forrest Gump,1994,8.8,US,Comedy/Drama/Romance,55000000,677387716,vietnam veteran/hippie/washington d.c./mentally disabled/based on novel or book/parent child relationship/vietnam war/friendship/love/family relationships/military/wounded soldier/low iq/false history,4.056530494821634,13
12,13,Inception,2010,8.7,GB,Action/Science Fiction/Adventure,160000000,825532764,"paris, france/spy/philosophy/hotel/allegory/dream/virtual reality/fistfight/car crash/rescue/mission/los angeles, california/danger/zero gravity/imagination/dream world/idea/subconscious",4.1676258992805755,27205
13,14,Star Wars: Episode V - The Empire Strikes Back,1980,8.7,US,Adventure/Action/Science Fiction,18000000,538400000,rebel/android/asteroid/spacecraft/space battle/snow storm/space colony/lightsaber/jedi/good vs evil/rebellion/the force/space opera/stormtrooper/wookie/jedi master/jedi training/droid,4.163358147229115,1891
14,15,The Lord of the Rings: The Two Towers,2002,8.7,NZ,Adventure/Fantasy/Action,79000000,926287400,elves/dwarf/orcs/middle-earth (tolkien)/hobbit/based on novel or book/explosive/cave/power/siege/fort/army/addiction/mission/attack/guide/split personality/wizard/ring/sword and sorcery,4.1061872909699,121
15,16,The Matrix,1999,8.6,AU,Action/Science Fiction,63000000,463517383,saving the world/artificial intelligence/man vs machine/philosophy/prophecy/martial arts/self sacrifice/fight/insurgence/virtual reality/dystopia/truth/cyberpunk/dream world/woman director/messiah/gnosticism/trans director,4.1763401109057305,603
16,17,Goodfellas,1990,8.6,US,Drama/Crime,25000000,46836394,"prison/based on novel or book/florida/1970s/mass murder/irish-american/drug traffic/gangster/biography/based on a true story/murder/organized crime/gore/mafia/new york city/violence/brooklyn, new york city/crime epic/tampa",4.1922796795338675,769
17,18,One Flew Over the Cuckoo's Nest,1975,8.6,US,Drama,3000000,108981275,nurse/based on novel or book/oregon/lunatic asylum/friendship/hospital/female villain/shock treatment,4.235695708712614,510
18,19,Joker,2019,8.6,US,Crime/Thriller/Drama,55000000,1055712814,street gang/dc comics/clown/villain/joker/based on comic/murder/criminal mastermind/stand-up comedian/mental illness/anarchy/subway train/tv host/1980s/mother son relationship/origin story/brutal violence/gotham city,,475557
19,20,Shichinin no samurai,1954,8.6,JP,Action/Drama,2000000,271841,japan/samurai/sword/peasant/looting/rice/fencing/village/epic/moral ambiguity/battle/bandit/practice/16th century,4.223905723905724,346
20,21,Se7en,1995,8.6,US,Crime/Mystery/Thriller,33000000,327311859,self-fulfilling prophecy/detective/s.w.a.t./drug dealer/evisceration/lust and impulsiveness/rage and hate/pride and vanity/immoderateness/insomnia/investigation/pension/police/serial killer/neo-noir,4.078090138331103,807
21,22,Cidade de Deus,2002,8.6,BR,Drama/Crime,3300000,30641770,street gang/photographer/brazil/rio de janeiro/ghetto/gang war/coming of age/woman director,4.258513931888545,598
22,23,La vita è bella,1997,8.6,IT,Comedy/Drama,20000000,229400000,italy/riddle/loss of loved one/bookshop/self sacrifice/mass murder/concentration camp/fascism/world war ii/love of one's life/deportation/jew persecution/nazi/national socialism/charade/riding a bicycle/story teller/concentration camp prisoner/dying and death,4.175051334702259,637
23,24,The Silence of the Lambs,1991,8.6,US,Crime/Drama/Thriller/Horror,19000000,272742922,based on novel or book/fbi/kidnapping/psychopath/horror/murder/serial killer/psychological thriller/cannibal/moth/cannibalism,4.184785956267324,274
24,25,It's a Wonderful Life,1946,8.6,US,Drama/Family/Fantasy,3180000,9644124,holiday/angel/bank/suicide attempt/desperation/small town/great depression/family business /black and white/nervous breakdown/old house/alternate reality/newlywed/told in flashback/guardian angel/high school dance/christmas/building and loan,4.053351573187414,1585
25,26,Star Wars,1977,8.6,US,Adventure/Action/Science Fiction,11000000,775398007,android/galaxy/hermit/death star/lightsaber/jedi/rescue mission/empire/rebellion/planet/smuggler/the force/space opera/galactic war/stormtrooper/totalitarianism,4.189457202505219,11
26,27,Saving Private Ryan,1998,8.5,US,Drama/History/War,70000000,481840909,war crimes/self sacrifice/war veteran/world war ii/war ship/airplane/bravery/normandy/parachute/troops/waffen ss/omaha beach/army/cowardice/american flag/war memorial/deserted town/military/1940s,4.0674924165824065,857
27,28,Sen to Chihiro no kamikakushi,2001,8.5,JP,Animation/Family/Fantasy,19000000,274925095,witch/parent child relationship/magic/darkness/bath house/ghost world/parallel world/amusement park/youkai/japanese mythology/anime/spirits,4.231039325842697,129
28,29,The Green Mile,1999,8.5,US,Fantasy/Drama/Crime,60000000,286801374,southern usa/mentally disabled/based on novel or book/death row/jail guard/great depression/supernatural/prison guard/jail/electric chair/magic realism/healing/1930s,3.97550831792976,497
29,30,Interstellar,2014,8.5,GB,Adventure/Drama/Science Fiction,165000000,675120017,artificial intelligence/nasa/spacecraft/expedition/future/wormhole/space travel/famine/black hole/dystopia/race against time/quantum mechanics/space/rescue/family relationships/farmhouse/robot/astronaut/scientist/single father/farmer/space station/imax/father daughter relationship,4.049450549450549,157336
30,31,Léon,1994,8.5,FR,Crime/Drama/Action,16000000,45284974,new york/corruption/loss of loved one/assassin/police brutality/s.w.a.t./immigrant/hitman/training/revenge/murder/loneliness/neighbor/tragic love/cult film/neo-noir/complex relationship,4.074210139603233,101
31,32,The Usual Suspects,1995,8.5,US,Drama/Crime/Thriller,6000000,23341568,law/relatives/theft/criminal/criminal mastermind/hungarian/sibling,4.370481927710843,629
32,33,Seppuku,1962,8.5,JP,Action/Drama/History,0,0,japan/suicide/asia/samurai/revenge/flashback/poverty/seppuku/ronin/17th century/shogunate,3.5,14537
33,34,Gisaengchung,2019,8.5,KR,Drama/Comedy,11363000,117305014,underground/seoul/birthday party/private lessons/basement/working class/class differences/tutor/family/crime family/flood/smell/unemployed/poor family/wealthy family/korean,,496243
34,35,The Lion King,1994,8.5,US,Family/Animation/Drama,45000000,987483777,loss of loved one/lion/musical/wild boar/uncle/shaman/redemption/king/scar/family/hyena/meerkat/mandrill,3.7819042871385844,8587
35,36,American History X,1998,8.5,US,Drama,20000000,23875127,"usa/neo nazism/prison/skinhead/sibling relationship/rape/fascism/brother/basketball/jail/school/swastika/los angeles, california/family/hate/xenophobia/interracial friendship/nazism",4.1659785301403796,73
36,37,Back to the Future,1985,8.5,US,Adventure/Comedy/Science Fiction/Family,19000000,381109762,clock tower/car race/terrorist/delorean/lightning/guitar/plutonium/sports car/inventor/journey in the past/invention/time travel/race against time/partner/misfit/mad scientist/fish out of water/teenage love/destiny/hidden identity/odd couple/escapade/disorder/chases and races/love and romance/teenage life/misfit partners/changing the past or future/getting home,3.919487648673376,105
37,38,Terminator 2: Judgment Day,1991,8.5,US,Action/Thriller/Science Fiction,102000000,520000000,cyborg/shotgun/post-apocalyptic/dystopia/moral ambiguity/mental institution/violence/fictional war/morphing/nuclear weapons/shape shifter/savior/catch phrase,3.948358539284397,280
38,39,The Pianist,2002,8.5,FR,Drama/War,35000000,120072577,resistance/holocaust (shoah)/hunger/world war ii/prisoner of war/homeland/ghetto/deportation/hiding place/jew persecution/liberation/warsaw ghetto/polish resistance/nazi/biography/concert/survival/based on memoir or autobiography/pianist/poland,4.066539923954372,423
39,40,Modern Times,1936,8.5,US,Drama/Comedy,1500000,8500000,factory/ambulance/invention/tramp/great depression/industrial revolution/slapstick/machine/pardon/guilty,4.165829145728643,3082
40,41,Psycho,1960,8.5,US,Horror/Drama/Thriller,806948,32000000,hotel/clerk/arizona/shower/rain/motel/taxidermy/money/secretary/corpse/murderer/theft/private detective/proto-slasher,4.112185686653771,539
41,42,The Intouchables,2011,8.5,FR,Drama/Comedy,13000000,426480871,male friendship/masseuse/friendship/based on a true story/aristocrat/paragliding/interracial friendship/unlikely friendship/duringcreditsstinger/quadriplegic/quadriplegia,4.209302325581396,77338
42,43,Gladiator,2000,8.5,GB,Action/Drama/Adventure,103000000,457640427,rome italy/parent child relationship/gladiator/arena/senate/roman empire/emperor/slavery/ancient rome/battlefield/slave auction/ancient world/combat/chariot/philosopher/fictionalized history/barbarian horde/2nd century/successor/maximus,3.9269406392694064,98
43,44,City Lights,1931,8.5,US,Comedy/Drama/Romance,1500000,19181,suicide attempt/operation/blindness and impaired vision/love of one's life/eye operation/flower shop/flower girl/tramp/love/black and white/millionaire/silent film/blind girl/little tramp,4.261029411764706,901
44,45,The Departed,2006,8.5,US,Drama/Thriller/Crime,90000000,289847354,undercover/boston/police/friends/remake/mafia/undercover cop/mobster/mole/state police/police training/realtor,4.068820224719101,1422
45,46,Whiplash,2014,8.5,US,Drama/Music,3300000,13092000,jazz/obsession/conservatory/music teacher/new york city/violence/montage/drummer/public humiliation/jazz band/young adult/music school,4.260869565217392,244786
46,47,Once Upon a Time in the West,1968,8.5,IT,Western,5000000,5321508,loss of loved one/showdown/bounty/bounty hunter/sadness/blackmail/harmonica/anti hero/auction/dying and death/peasant/insanity/spaghetti western,4.098360655737705,335
47,48,The Prestige,2006,8.5,US,Drama/Mystery/Thriller,40000000,109676311,competition/secret/obsession/magic/diary/dying and death/class society/illusion/tricks/hostility/class/partner/rivalry/nikola tesla/tesla coil,4.033913043478261,1124
48,49,Casablanca,1942,8.4,US,Drama/Romance,878000,10462500,love triangle/corruption/spy/resistance/casablanca/emigration/visa/patriotism/nationalism/concentration camp/nazi/war/film noir,4.268720748829953,289
49,50,Hotaru no haka,1988,8.4,JP,Animation/Drama/War,3700000,0,sibling relationship/hunger/world war ii/shelter/wartime/anime/orphan siblings/children in wartime,4.045751633986928,12477
50,51,Rear Window,1954,8.4,US,Drama/Mystery/Thriller,1000000,36764313,nurse/photographer/suspicion of murder/girlfriend/neighbor/salesman/apartment/convalescence/voyeurism/missing wife/homebound/suspicious behavior/flower bed/visiting nurse,4.23726977248104,567
51,52,Nuovo Cinema Paradiso,1988,8.4,IT,Drama/Romance,0,11990401,sicily/movie business/parent child relationship/cinema/kiss/flashback/coming of age/haunted by the past/censorship/movie theatre/nuovo cinema paradiso,4.087771203155818,11216
52,53,Alien,1979,8.4,US,Horror/Science Fiction,11000000,104931801,android/spacecraft/countdown/space marine/space suit/beheading/space travel/dystopia/biology/cowardice/space/alien/female protagonist/cult film/parasite/h. r. giger/cosmos/xenomorph,4.01189749847468,348
53,54,Raiders of the Lost Ark,1981,8.4,US,Adventure/Action,18000000,389925971,saving the world/riddle/nepal/himalaya/cairo/moses/egypt/whip/treasure/medallion/leather jacket/nazi/hat/mediterranean/ark of the covenant/ten commandments/treasure hunt/excavation/swastika/archaeologist/archeology /religious history/1930s,4.206203582350371,85
54,55,Apocalypse Now,1979,8.4,US,Drama/War,31500000,150000000,cia/drug abuse/journalist/guerrilla/vietnam/vietcong/cambodia/secret mission/army/insanity/surrealism/tribe/mission/green beret/jungle/descent into madness/brutality/riverboat/based on novel,4.097290640394089,28
55,56,Memento,2000,8.4,US,Mystery/Thriller,9000000,39723096,"individual/insulin/tattoo/waitress/amnesia/motel/insurance salesman/revenge/flashback/confusion/memory loss/los angeles, california/polaroid/cult film/nonlinear timeline/individuality/neo-noir",4.186599874765185,77
56,57,The Great Dictator,1940,8.4,US,Comedy,2000000,11000000,germany/dictator/hairdresser/amnesia/fascism/world war ii/jewish ghetto/world war i/jew/nazi/propaganda/national socialism/national socialist party/speech/satire/good vs evil/barber shop,4.149321266968326,914
57,58,Avengers: Endgame,2019,8.4,US,Adventure/Science Fiction/Action,356000000,2797800564,space travel/time travel/time machine/sequel/based on comic/alien invasion/superhero team/marvel cinematic universe/alternate timeline/final battle/father daughter relationship/sister sister relationship/marvel comics,,299534
58,59,The Lives of Others,2006,8.4,DE,Drama/Thriller,2000000,70000000,germany/berlin germany/berlin wall/corruption/german democratic republic/stasi/blackmail/cold war/soviet union/propaganda/freedom of speech/house search/artists' life/spying/government/interrogation/surveillance/heartbreak/east germany/communism,4.206666666666667,582
59,60,Django Unchained,2012,8.4,US,Drama/Western,100000000,425368238,bounty hunter/hero/plantation/society/friendship/friends/revenge/rivalry/rescue/shootout/racism/danger/dentist/django/aftercreditsstinger/odd couple/black slave/deadly/19th century,3.9863636363636363,68718
60,61,Avengers: Infinity War,2018,8.4,US,Adventure/Action/Science Fiction,300000000,2046239637,magic/sacrifice/superhero/based on comic/space/battlefield/genocide/magical object/super power/team/aftercreditsstinger/marvel cinematic universe/cosmic,,299536
61,62,The Shining,1980,8.4,GB,Horror/Thriller,19000000,44781695,hotel/montana/isolation/hotelier/oregon/colorado/maze/bartender/ax/delusion/loneliness/caretaker/vision/snow/writer/alcoholic/cult film/snowed in/off season/ghost child,3.9963295269168024,694
62,63,Paths of Glory,1957,8.4,US,Drama/War,935000,0,germany/france/based on novel or book/general/patriotism/world war i/song/army/cowardice/soldier/cult film/1910s,4.133152173913044,975
63,64,Spider-Man: Into the Spider-Verse,2018,8.4,US,Action/Adventure/Animation/Science Fiction/Comedy,90000000,375450417,superhero/based on comic/aftercreditsstinger/alternate universe,,324857
64,65,WALL·E,2008,8.4,US,Animation/Family/Science Fiction,180000000,521311860,garbage/space travel/dystopia/loneliness/distant future/robot/dystopian future/aftercreditsstinger/duringcreditsstinger,4.074159021406728,10681
65,66,Sunset Blvd.,1950,8.4,US,Drama,1752000,5000000,"new year's eve/screenwriter/jealousy/butler/loss of sense of reality/diva/delusion/breaking the fourth wall/hollywood, california/los angeles, california/madness/aging actor/has been/silent film star/film noir/grandiose  behavior/kept man/movie studio",4.225274725274725,599
66,67,Mononoke-hime,1997,8.4,JP,Adventure/Fantasy/Animation,26500000,159375308,fight/wolf/leprosy/pan/wild boar/territory/feral child/friendship/princess/good vs evil/rural setting/decapitation/spirit/demon/deforestation/anime,4.136956521739131,128
67,68,Dr. Strangelove or: How I Learned to Stop Worrying and Love the Bomb,1964,8.4,GB,Drama/Comedy/War,1800000,9440272,u.s. president/general/cold war/strategic air command/nuclear missile/satire/dark comedy/cult film/war room/bomber pilot/nuclear weapons/ex nazi/doomsday device/absurdism,4.2203659506762135,935
68,69,Oldeuboi,2003,8.4,KR,Drama/Thriller/Mystery/Action,3000000,14980005,sushi restaurant/rage and hate/notebook/daughter/hostility/sin/revenge/loneliness/urination/anger/catholic/incest/south hypnosis,4.079032258064516,670
69,70,Witness for the Prosecution,1957,8.3,US,Drama/Mystery/Crime,3000000,9000000,nurse/alibi/letter/widow/murder/lawyer/trial/cigarette smoking/courtroom/murder mystery/tiki culture,3.9879518072289155,37257
70,71,The Dark Knight Rises,2012,8.3,US,Action/Crime/Drama/Thriller,250000000,1081041287,dc comics/crime fighter/terrorist/secret identity/burglar/hostage drama/time bomb/vigilante/cover-up/superhero/based on comic/villainess/tragic hero/terrorism/destruction/criminal underworld/catwoman/cat burglar/imax/flood,4.079831932773109,49026
71,72,Once Upon a Time in America,1984,8.3,US,Drama/Crime,20000000,5300000,life and death/corruption/street gang/rape/sadistic/lovesickness/sexual abuse/regret/prohibition era/money laundering/opium/gangster/mafia boss/murder/memory/torture/new york city/brooklyn bridge/childhood friends/1920s/1960s/1930s,3.8524590163934427,311
72,73,Aliens,1986,8.3,US,Action/Thriller/Science Fiction,18500000,183316455,android/extraterrestrial technology/space marine/spaceman/cryogenics/vacuum/space colony/warrior woman/settler/space travel/colony/alien/xenomorph,3.9907343857240907,679
73,74,American Beauty,1999,8.3,US,Drama,15000000,356296601,adultery/movie business/parent child relationship/midlife crisis/coming out/first time/camcorder/virgin/estate agent/cheerleader/rose/satire/loneliness/dark comedy/suburbia/coming of age/marijuana/exercise/extramarital affair/quitting a job/retired army man/affair/closeted homosexual,4.149893842887473,14
74,75,Kimi no na wa.,2016,8.3,JP,Romance/Animation/Drama,0,357986087,japan/time travel/supernatural/afterlife/romance/school/body-swap/star crossed lovers/anime,,372058
75,76,Coco,2017,8.3,US,Animation/Family/Comedy/Adventure/Fantasy,175000000,800526015,mexico/guitar/musician/skeleton/music/afterlife/latinx lead/singer/life after death/child/3d/day of the dead,,354912
76,77,Braveheart,1995,8.3,US,Action/Drama/History/War,72000000,210000000,individual/scotland/in love with enemy/revolution/kilt/legend/independence/freedom/idealism/family clan/battle/united kingdom/revolt/tyranny/false history/highlands/13th century/scottish highlands/warfield,4.038227938549482,197
77,78,Das Boot,1981,8.3,DE,Drama/History/War,14000000,85000000,terror/submarine/based on novel or book/atlantic ocean/gibraltar/world war ii/duty/war correspondent/torpedo/drinking/sailor/convoy/u boat/destroyer/depth charge/comrade/german submarine/naval battle/periscope/suicidal mission/battle of the atlantic,4.1,387
78,79,3 Idiots,2009,8.3,IN,Drama/Comedy/Romance,9000000,70000000,suicide/suicide attempt/college/friends/engineering/student/subjective camera,3.75,20453
79,80,Star Wars: Episode VI - Return of the Jedi,1983,8.3,US,Adventure/Action/Science Fiction,32350000,572700000,sibling relationship/rebel/spacecraft/emperor/space battle/matter of life and death/death star/jabba the hutt/ewoks/jedi/space opera,3.992338709677419,1892
80,81,Taare Zameen Par,2007,8.3,IN,Drama,2600000,28430000,painter/jealousy/parent child relationship/father/boarding school/dyslexia/little boy/teacher/india/childhood/teachers and students,3.0,7508
81,82,Toy Story,1995,8.3,US,Animation/Comedy/Family,30000000,373554033,martial arts/jealousy/toy/boy/friendship/bullying/elementary school/friends/rivalry/rescue/mission/walkie talkie/boy next door/new toy/neighborhood/toy comes to life/resourcefulness,3.959322693655119,862
82,83,Amadeus,1984,8.3,US,Drama/History/Music,18000000,51973029,italy/austria/composer/opera/talent/emperor/musician/marriage crisis/mozart/god/murder/vienna austria/envy/18th century,4.063870352716873,279
83,84,Reservoir Dogs,1992,8.3,US,Crime/Thriller,1200000,0,traitor/jewelry/psychopath/thief/heist/betrayal/mystery/escape/gang/plan gone wrong/cult film/nonlinear timeline/warehouse/ensemble cast/told in flashback/heist gone wrong/foreshadowing/rendezvous/iconic/set in one room/uneasy alliance/rag tag group/shared universe,4.062942008486563,500
84,85,Inglourious Basterds,2009,8.3,DE,Drama/Action/Thriller/War,70000000,319131050,"paris, france/guerrilla/cinema/self sacrifice/dynamite/mexican standoff/world war ii/jew persecution/jew/nazi/masochism/sadism/anti semitism/swastika/german occupation of france/violence/british politics/hitler/adolf hitler",3.953798767967146,16869
85,86,Good Will Hunting,1997,8.3,CA,Drama,10000000,225933435,baseball/boston/professor/m.i.t./harvard university/ambition/mathematics/genius/love/friends/flashback/janitor/irish/psychologist/university/courtroom/prodigy,4.024966261808367,489
86,87,M - Eine Stadt sucht einen Mörder,1931,8.3,DE,Drama/Action/Thriller/Crime,0,0,germany/berlin germany/underworld/child murderer/detective inspector/investigation/psychopath/organized crime/black and white/criminal/child killer/pre-code/psycho/expressionism/german expressionism,4.209251101321586,832
87,88,Requiem for a Dream,2000,8.3,US,Crime/Drama,4500000,7390108,drug addiction/junkie/heroin/speed/diet/unsociability/illegal prostitution,4.075407608695652,641
88,89,2001: A Space Odyssey,1968,8.3,GB,Science Fiction/Mystery/Adventure,12000000,68700000,moon/jupiter/artificial intelligence/man vs machine/technology/super computer/human being/space travel/space mission/moon base/astronaut/cult film/evolution/monolith/space station/2000s,3.944950645406226,62
89,90,Dangal,2016,8.3,IN,Drama/Action,10400000,310000000,parent child relationship/feminism/empowerment/strong woman/training/biography/wrestling/sport/autobiography/domestic abuse/woman power/fighting/womanhood/endurance/woman vs woman fight/female empowerment/determination/strength training/abusive father/overcoming fears/woman empowerment,,360814
90,91,Vertigo,1958,8.3,US,Mystery/Romance/Thriller,2479000,28000000,san francisco/sense of guilt/bachelor/obsession/love of one's life/vertigo/museum/necklace/grave/plan/painting/film noir,4.135752688172043,426
91,92,Eternal Sunshine of the Spotless Mind,2004,8.3,US,Science Fiction/Drama/Romance,20000000,72258126,deja vu/regret/jealousy/amnesia/dream/operation/relationship problems/love/memory/brainwashing/relationship/heartbreak/nonlinear timeline,4.111996644295302,38
92,93,Citizen Kane,1941,8.3,US,Mystery/Drama,839727,23217674,journalist/newspaper/florida/capitalist/banker/media tycoon/art collector/sleigh/money/child,4.141693811074918,15
93,94,Jagten,2012,8.3,DK,Drama,3800000,18309793,parent child relationship/lie/pedophilia/kindergarten/father/children/teacher/school/pedophile/divorce,3.972972972972973,103663
94,95,Full Metal Jacket,1987,8.3,GB,Drama/War,17000000,46357676,suicide/prostitute/helicopter/based on novel or book/journalism/sniper/propaganda/vietnam/recruit/war photographer/war correspondent/war/boot camp/rescue/jungle/infantry/sergeant/racism/violence/genocide/fighting/platoon/combat/discipline/u.s. marine/obstacle course/mass grave/blanket party,4.05,600
95,96,North by Northwest,1959,8.3,US,Mystery/Thriller,4000000,13275000,assassination/spy/mount rushmore national memorial/romance/mistaken identity/on the run/fugitive/espionage/advertising/framed/government agent,4.25030599755202,213
96,97,A Clockwork Orange,1971,8.3,GB,Science Fiction/Drama,2200000,26589000,street gang/sexuality/based on novel or book/parent child relationship/great britain/social worker/society/dystopia/satire/controversial/violence/cult film/futuristic society,3.9734615384615384,185
97,98,Snatch,2000,8.3,GB,Thriller/Crime,10000000,83557872,gypsy/bare knuckle boxing/slang/trailer park/diamond/antwerp/boxer/pig/sport/receiving of stolen goods/cult film/pikey,4.064516129032258,107
98,99,The Kid,1921,8.2,US,Comedy/Drama,250000,2500000,angel/suicide attempt/fistfight/slapstick/class differences/rich poor/foundling/silent film/dream sequence/semi autobiographical/car theft/little tramp/illegitimate child/unwed mother/abandoned baby/out of wedlock child/raised like own child/good deed doer,3.873134328358209,10098
99,100,Ladri di biciclette,1948,8.2,IT,Drama,133000,361712,rome italy/italian/riding a bicycle/society/poster/job/thief/search/stolen bicycle/madame/unemployment/realism/neo realism/italian neo realism,4.060975609756097,5156
100,101,Amélie,2001,8.2,FR,Comedy/Romance,10000000,173921954,"paris, france/love triangle/ghost train/sex-shop/shyness/montmartre/daughter/garden gnome/journey round the world/photography",4.217495987158909,194
101,102,Scarface,1983,8.2,US,Action/Crime/Drama/Thriller,25000000,66023329,sibling relationship/miami/corruption/loss of loved one/cuba/prohibition era/cocaine/rise and fall/remake/mafia/bitterness/rise to power,3.9519927536231885,111
102,103,Singin' in the Rain,1952,8.2,US,Comedy/Music/Romance,2540800,7200000,"fan/morning/musical/talkie/partner/film in film/hollywood, california/broadway/audience/chorus girl/diction coach/pearl necklace/flapper/1920s",4.097785977859779,872
103,104,Taxi Driver,1976,8.2,US,Crime/Drama,1300000,28262574,new york/vietnam veteran/taxi/obsession/taxi driver/drug dealer/vigilante/alienation/misanthrophy/new york city/illegal prostitution/loner/neo-noir/child prostitution/new hollywood,4.119331742243436,103
104,105,Lawrence of Arabia,1962,8.2,GB,Adventure/Drama/History/War,15000000,69995385,cairo/arabian/world war i/horse/jerusalem/british army/british empire/damascus/camel/war/based on a true story/quicksand/desert/arab/ottoman empire,4.150442477876106,947
105,106,Toy Story 3,2010,8.2,US,Animation/Family/Comedy,200000000,1066969703,hostage/college/toy/barbie/escape/day care/teddy bear/duringcreditsstinger/toy comes to life/personification/inanimate objects coming to life,4.042483660130719,10193
106,107,The Sting,1973,8.2,US,Comedy/Crime/Drama,5500000,159616327,chicago/bet/horse race/repayment/con man/mafia boss/caper/violence/ragtime/off track betting/sting operation/alley/1930s/20th century,4.198254364089776,9277
107,108,Metropolis,1927,8.2,DE,Drama/Science Fiction,92620000,650422,man vs machine/based on novel or book/underground world/inventor/metropolis/future/class society/dystopia/tower of babel/delirium/mad scientist/prophet/robot/destruction/silent film/expressionism/seven deadly sins/depravity/mob justice/downtrodden/saviour/social unrest/german expressionism/mediator,3.933333333333333,19
108,109,Per qualche dollaro in più,1965,8.2,IT,Western,600000,15000000,bounty hunter/rural setting/pot smoking/beard/death/mustache/spaghetti western/sombrero/right hand man/sidekick/piano,3.951550387596899,938
109,110,Marriage Story,2019,8.2,US,Drama/Romance,8600000,0,"theatre group/theater director/lawyer/los angeles, california/new york city/divorce/divorce lawyer",,492188
110,111,Double Indemnity,1944,8.2,US,Crime/Mystery/Thriller,927262,2500000,suicide/insurance salesman/insurance fraud/step daughter/train accident/marriage/femme fatale/murder/double cross/film noir,4.20164609053498,996
111,112,Jodaeiye Nader az Simin,2011,8.2,IR,Documentary,500000,24400000,,,307381
112,113,Ikiru,1952,8.2,JP,Drama,0,55240,bureaucracy/japan/age difference/bar/office/night life/sense of life/playground/obsequies/swing/loneliness/infatuation/bureaucrat,3.9782608695652173,3782
113,114,Capharnaüm,2018,8.2,LB,Drama,4000000,64978931,child abuse/lebanon/refugee/neglect/beirut/lawsuit/child bride/undocumented immigrant/poverty,,517814
114,115,To Kill a Mockingbird,1962,8.2,US,Crime/Drama,2000000,13129846,sibling relationship/black people/based on novel or book/becoming an adult/isolation/arbitrary law/socially deprived family/tree house/alabama/wrong accusal/farm worker/intolerance/exclusion/court case/defence/right and justice/court/racism/child/1930s/courtroom drama/based on young adult novel,4.210212201591512,595
115,116,The Apartment,1960,8.2,US,Comedy/Drama/Romance,3000000,25000000,new york/new year's eve/lovesickness/age difference/suicide attempt/office/flat/spaghetti/christmas party/winter/clerk/tennis racket/romantic comedy/extramarital affair,4.028735632183908,284
116,117,Indiana Jones and the Last Crusade,1989,8.2,US,Adventure/Action,48000000,474171806,"germany/saving the world/venice, italy/holy grail/library/riddle/parent child relationship/whip/treasure/nazi/entrapment/crusader/father/treasure hunt/escape/tank/order of the templars/desert/archaeologist/indiana jones/archeology /1930s",4.016676593210244,89
117,118,Up,2009,8.2,US,Animation/Comedy/Family/Adventure,175000000,735099082,age difference/central and south america/balloon/duringcreditsstinger/exploring,4.030876494023905,14160
118,119,Incendies,2010,8.2,CA,Drama/War/Mystery,10000000,0,prison/middle east/rape/muslim/militia/interpreter/son/orphanage/swimming pool/massacre/checkpoint/political assassination/twins/will,3.985294117647059,46738
119,120,L.A. Confidential,1997,8.2,US,Crime/Mystery,35000000,126216940,corruption/detective/shotgun/morgue/f word/domestic violence/corpse/district attorney/bandage/movie star/good cop bad cop/switchblade/call girl/neo-noir/1950s/falsifying,4.091332378223496,2118
120,121,Monty Python and the Holy Grail,1975,8.2,GB,Adventure/Comedy/Fantasy,400000,5028948,holy grail/monk/england/scotland yard/swordplay/camelot/round table/chapter/animal attack/satire/knight/king arthur/wedding reception/midnight movie/cult film/monty python/knights of the round table/anarchic comedy,4.1798015178050205,762
121,122,Heat,1995,8.2,US,Action/Crime/Drama/Thriller,60000000,187436818,"robbery/detective/obsession/chase/thief/honor/murder/heist/betrayal/gang/los angeles, california/cat and mouse/bank robbery/criminal mastermind/cult film/ex-con/one last job/loner/bank job/neo-noir/crime epic",3.8365079365079366,949
122,123,Rashômon,1950,8.2,JP,Crime/Drama/Mystery,250000,96568,japan/rape/samurai/rain/woodcutter/medium/sunlight/court case/dying and death/court/truth/criminal/based on short story/multiple perspectives,4.151960784313726,548
123,124,Die Hard,1988,8.2,US,Action/Thriller,28000000,140767956,"based on novel or book/terrorist/s.w.a.t./hostage/fbi/kidnapping/vault/murder/heist/shootout/los angeles, california/one man army/one night/christmas/1980s/action hero",3.9434361766485178,562
124,125,Batman Begins,2005,8.2,GB,Action/Crime/Drama,150000000,374218673,loss of loved one/martial arts/dc comics/crime fighter/secret identity/undercover/vigilante/superhero/based on comic/rivalry/tragic hero/ninja/super power/haunted by the past/evil doctor/master villain/fighting crime/unfulfilled love,3.973790322580645,272
125,126,Yôjinbô,1961,8.2,JP,Drama/Thriller,0,0,japan/gambling/swordplay/samurai/sword/bodyguard/fighting/family/intrigue/ronin/revolver/edo period/feudal japan/19th century/asian western,4.158333333333333,11878
126,127,Unforgiven,1992,8.2,US,Western,14000000,159157447,prostitute/sheriff/bounty/regret/wyoming/right and justice/kansas/revenge/mutilation/one last job/reputation/19th century/englishman/pig farmer,3.9935400516795867,33
127,128,Green Book,2018,8.2,US,Drama/Comedy,23000000,319700000,gay/southern usa/friendship/racism/pianist/driver/lgbt/music tour/1960s/america/roadtrip,,490132
128,129,Der Untergang,2004,8.2,AT,Drama/History/War,18339750,92180910,berlin germany/poison/dictator/based on novel or book/clerk/ideology/world war ii/traitor/despair/destroy/nazi/testament/capitulation/soviet troops/race politics/national socialism/ultimate victory/minister/national socialist party/dying and death/historical figure/german shepherd/1940s/hitler/adolf hitler,3.9488372093023254,613
129,130,Ford v Ferrari,2019,8.2,US,Drama/History/Action,97600000,52437000,based on novel or book/biography/racing/racecar driver/1960s/cars,,359724
130,131,Bacheha-Ye aseman,1997,8.2,IR,Drama/Comedy/Family,180000,925402,sibling relationship/class/foot race,4.0,21334
131,132,Some Like It Hot,1959,8.2,US,Comedy/Romance,2883848,25000000,chicago/florida/witness/musician/mafia/cross dressing/train/band/spats/all girl band/st. valentine's day massacre/sugar/valentine's day/dressing,4.099494097807757,239
132,133,Hauru no ugoku shiro,2004,8.2,JP,Fantasy/Animation/Adventure,24000000,236049757,flying/witch/rain/castle/scarecrow/body exchange/hatter/bakery/demon/anime/based on young adult novel,4.068661971830986,4935
133,134,The Great Escape,1963,8.2,US,Adventure/Drama/History/Thriller/War,4000000,11744471,based on novel or book/optimism/switzerland/baseball/famous score/prisoner/shower/world war ii/prisoner of war/claustrophobia/nazi/machinegun/dystopia/attempt to escape/uniform/freedom/based on a true story/prison guard/tragedy/escape/swastika/barbed wire/solitary confinement/motorcycle/alps,4.145797598627787,5925
134,135,Tonari no Totoro,1988,8.2,JP,Fantasy/Animation/Family,0,0,japan/sibling relationship/mother/leave/village/rural setting/hospital/new neighbor/new home/super power/magical creature/cute/anime,4.104961832061068,8392
135,136,Ran,1985,8.2,JP,Action/Drama/History,11500000,4069653,assassination/gun/castle/power/kingdom/greed/heir to the throne/epic/revenge/blood/descent into madness/seppuku/inheritance fight/ruins/king lear/feudal japan/black widow/hopelessness,4.122983870967742,11645
136,137,A Beautiful Mind,2001,8.2,US,Drama/Romance,60000000,313542341,individual/schizophrenia/usa/massachusetts/love of one's life/intelligence/mathematician/market economy/economic theory/princeton university/nobel prize/mathematical theorem/m.i.t./biography/mathematics/delusion,3.914406779661017,453
137,138,All About Eve,1950,8.2,US,Drama,1400000,63463,"playwright/hollywood, california/black and white/relationship/insecurity/broadway/based on short story/theater/broadway star",4.225631768953068,705
138,139,Pan's Labyrinth,2006,8.2,MX,Fantasy/Drama/War,19000000,83258226,spain/resistance/servant/anti hero/fairy/fairy tale/franco regime/army/princess/love/woods/king/hiding/labyrinth/mythological/children in wartime,4.063025210084033,1417
139,140,Casino,1995,8.2,FR,Crime,52000000,116112375,poker/casino/drug abuse/1970s/overdose/mafia/las vegas/illegal prostitution/1980s,3.849066390041494,524
140,141,Idi i smotri,1985,8.2,BY,Drama/History/War,0,0,war crimes/world war ii/nazi/wehrmacht/insanity/surrealism/teenage girl/atrocity/genocide/russian army/mine field/horrors of war/premature aging/byelorussia/eastern front/children in wartime,4.025,25237
141,142,Raging Bull,1980,8.2,US,Drama,18000000,23000000,transporter/jealousy/violent husband/paranoia/boxer/brother/biography/fistfight/broken nose/sport/domestic violence/over-the-hill fighter,4.022403258655804,1578
142,143,El secreto de sus ojos,2009,8.2,AR,Crime/Drama/Mystery/Romance,2000000,33965843,rape/secret/writing/homicide/kidnapping/passion/suspect/investigation/police/partner/murder/tension/argentina/justice,3.9338235294117645,25376
143,144,"Lock, Stock and Two Smoking Barrels",1998,8.2,GB,Comedy/Crime,1350000,28356188,ambush/alcohol/shotgun/tea/joint/machismo/cocktail/rifle/marijuana/pot smoking/hatchet/antique/cardsharp/anger/cult film/carjacking/piano/strip show/high stakes,4.007416563658838,100
144,145,The Irishman,2019,8.1,US,Crime/History/Drama,159000000,607420,chicago/based on novel or book/1970s/irish-american/hitman/male friendship/family relationships/organized crime/sicilian mafia/labor union/1950s/1960s/mob family/jimmy hoffa/20th century/father daughter relationship,,398978
145,146,The Wolf of Wall Street,2013,8.1,US,Crime/Drama/Comedy,100000000,392000694,corruption/drug addiction/anti hero/con man/fraud/wall street/rise and fall/con artist/stockbroker/wealthy/drugs/stripping/hedonism/decadence/1980s/sharemarket fraud/financial market/black monday,3.747787610619469,106646
146,147,The Treasure of the Sierra Madre,1948,8.1,US,Adventure/Drama/Western,3800000,4307000,mexico/based on novel or book/gold/gold rush/greed/gold mine/friends/money/american/bandit/dead mule/prospector/1920s,4.208487084870849,3090
147,148,Judgment at Nuremberg,1961,8.1,DE,Drama/History,3000000,10000000,judge/concentration camp/world war ii/nazi/court case/national socialism/national socialist party/nuremberg trials/nuremberg/right and justice/trial,3.9743589743589745,821
148,149,"Three Billboards Outside Ebbing, Missouri",2017,8.1,GB,Crime/Drama,15000000,158526998,suicide/rape/small town/missouri/alcoholism/murder/dark comedy/cancer/teenage girl/arson/police corruption/racism/anger/billboard/guilty conscience/molotov cocktail/police violence/pool hall,,359940
149,150,Babam ve Oglum,2005,8.1,TR,Comedy/Drama,0,0,,,13393
150,151,Chinatown,1974,8.1,US,Crime/Drama/Mystery/Thriller,6000000,30000000,"rape/sea/river/chinatown/mistake in person/pedophilia/dying and death/barrage/los angeles, california/private detective/neo-noir",4.18450184501845,829
151,152,The Gold Rush,1925,8.1,US,Adventure/Comedy/Drama,923000,2500000,river/gold/dance/worker/cabin/gold rush/thanksgiving/love/alaska/klondike/little tramp/dance hall,4.2100840336134455,962
152,153,There Will Be Blood,2007,8.1,US,Drama,25000000,77208711,"sibling relationship/california/pastor/deaf-mute/american dream/fanatic/pipeline/petrol/father/step father/oil/money/los angeles, california/twins/killer/alcoholic/bowling alley/sign languages/adopted son",3.9302788844621515,7345
153,154,Dial M for Murder,1954,8.1,US,Crime/Thriller/Drama/Mystery,1400000,3000000,"london, england/adultery/jealousy/secret/blackmail/evidence/tennis player/letter/marriage/love/murder/classic/theft/visit/husband/murder plot/3d/crime fiction writer/keys",4.045454545454546,521
154,155,V for Vendetta,2005,8.1,DE,Action/Thriller/Fantasy,54000000,132511035,detective/dc comics/fascism/fascist/dystopia/government/chancellor/revenge/torture/hatred/masked vigilante/vengeful spirit/activist/vengeful,3.9374158815612383,752
155,156,Inside Out,2015,8.1,US,Drama/Comedy/Animation/Family,175000000,857611174,dream/cartoon/imaginary friend/elementary school/family/kids/unicorn/duringcreditsstinger/3d/emotions,,150540
156,157,Det sjunde inseglet,1957,8.1,SE,Fantasy/Drama,0,0,chess/countryside/witch/blacksmith/allegory/symbolism/artist/last judgment/pest/crusade/juggler/burning of witches/sense of life/dying and death/demon/black death/death personified/death incarnate/14th century,4.094936708860759,490
157,158,Warrior,2011,8.1,US,Drama/Action,25000000,23057115,bank/training/beating/mixed martial arts/teacher/muscleman/combat/alcoholic/gym/exercise,3.9361702127659575,59440
158,159,No Country for Old Men,2007,8.1,US,Crime/Drama/Thriller,25000000,171627166,vietnam veteran/sheriff/texas/drug traffic/motel/hitman/united states–mexico barrier/money/violence/desert/neo-western/cold blooded killer/1980s/coin toss/captive bolt gun/based on novel,3.956692913385827,6977
159,160,Trainspotting,1996,8.1,GB,Drama/Crime,4000000,16491080,"london, england/scotland/based on novel or book/drug addiction/drug dealer/nightclub/junkie/heroin/cold turkey/edinburgh/modern society/hallucination/friendship/surrealism/dark comedy/stealing/drug rehabilitation/monologue/drug dealing/drugs/cult film/recovering drug addict/illegal drugs/drug culture/antihero",4.0240032546786,627
160,161,Room,2015,8.1,CA,Drama/Thriller,6000000,35401758,based on novel or book/carpet/isolation/kidnapping/imprisonment/grandparents/escape/hospital/dog/captive/children's perspectives/skylight/mother son relationship,,264644
161,162,The Elephant Man,1980,8.1,GB,Drama/History,5000000,26010864,exploitation/biography/based on a true story/hospital/curiosity/sideshow/disfigurement/physical deformity/freak/19th century/dignity,3.9576023391812867,1955
162,163,The Sixth Sense,1999,8.1,US,Mystery/Thriller/Drama,40000000,672806292,philadelphia/child abuse/loss of loved one/sense of guilt/confidence/psychology/dying and death/marriage crisis/afterlife/single/paranormal phenomena/cowardliness/single mother/school play/ghost/child/spiritism/ghost child,4.049091801669121,745
163,164,Shutter Island,2010,8.1,US,Drama/Thriller/Mystery,80000000,294804195,based on novel or book/island/hurricane/investigation/psychiatric hospital/u.s. marshal/conspiracy theory/neo-noir/1950s,3.925806451612903,11324
164,165,The Thing,1982,8.1,US,Horror/Mystery/Science Fiction,15000000,19629760,based on novel or book/ice/spacecraft/space marine/paranoia/mutation/snow storm/research station/alien life-form/remake/alien/antarctica/shape shifting alien/alien infection/cult film/sled dogs/alien monster/body horror/alien parasites/isolated place,3.895933014354067,1091
165,166,Gone with the Wind,1939,8.1,US,Drama/Romance/War,4000000,400176459,southern usa/loss of loved one/marriage proposal/atlanta/plantation/typhus/business woman/marriage crisis/american civil war/old south/early america,3.8500660501981505,770
166,167,The Bridge on the River Kwai,1957,8.1,GB,Drama/History/War,3000000,44908000,japan/based on novel or book/resistance/river/world war ii/prisoner of war/thailand/bridge/officer/burma/bridge blowup,4.091246290801187,826
167,168,Blade Runner,1982,8.1,US,Science Fiction/Drama/Thriller,28000000,32868943,"artificial intelligence/bounty hunter/android/based on novel or book/dystopia/genetics/futuristic/fugitive/cyberpunk/los angeles, california/cult film/tech noir/neo-noir",4.160513141426783,78
168,169,The Third Man,1949,8.1,GB,Thriller/Mystery,0,596349,austria/cemetery/black market/grave/soviet troops/prater/british army/staged death/investigation/cover-up/foot chase/vienna austria/sewer/missing person/post world war ii/ferris wheel/film noir/evasion/penicillin/forged passport,4.2002762430939224,1092
169,170,On the Waterfront,1954,8.1,US,Crime/Drama,910000,9600000,murder/union/dock/longshoreman/pigeon,4.203389830508475,654
170,171,Jurassic Park,1993,8.1,US,Adventure/Science Fiction,63000000,920100000,exotic island/dna/paleontology/tyrannosaurus rex/triceratops/brontosaurus/electric fence/island/dinosaur/amusement park/theme park/jurassic park,3.680409076382231,329
171,172,Andhadhun,2018,8.1,IN,Crime/Thriller,4500000,40000000,pianist/blind man/piano,,534780
172,173,Finding Nemo,2003,8.1,US,Animation/Family,94000000,940335536,parent child relationship/harbor/anthropomorphism/underwater/shark/pelican/fish tank/great barrier reef/sea turtle/missing child/aftercreditsstinger/duringcreditsstinger/short term memory loss/clownfish/father son reunion/protective father,3.863562091503268,12
173,174,Smultronstället,1957,8.1,SE,Drama,0,0,adultery/identity/dream/journey in the past/professor/self-awareness/nightmare/aging/faith/child/acceptance,4.080459770114943,614
174,175,Drishyam,2013,8.1,IN,Crime/Thriller,750000,12000000,twist/hidden camera/police/murder/family/car/death/quarry/cable tv/false evidence,,244049
175,176,Fargo,1996,8.1,GB,Crime/Drama/Thriller,7000000,60611975,cheating/ransom/salesclerk/winter/kidnapping/unsociability/police/north dakota/murder/dark comedy/money/snow/car dealership/woodchipper/car/false history,4.085264538696983,275
176,177,Gran Torino,2008,8.1,US,Drama,33000000,269958228,rape/war veteran/immigration/gangster/priest/gang/old man/teenager/detroit/widower/car/hmong,3.9938650306748467,13223
177,178,Eskiya,1996,8.1,TR,Crime/Drama/Thriller,0,0,,,26900
178,179,Kill Bill: Vol. 1,2003,8.1,US,Action/Crime,30000000,180949045,japan/coma/martial arts/kung fu/asia/underworld/yakuza/sword/bride/revenge/female yakuza/animated sequence/wedding/samurai sword,3.897008547008547,24
179,180,The Deer Hunter,1978,8.1,GB,Drama/War,15000000,50000000,suicide/vietnam veteran/post traumatic stress  disorder/pennsylvania/vietnam/saigon/party/russian roulette/escape/wedding/deer hunting/steel worker/friend/viet cong,3.962025316455696,11778
180,181,Tôkyô monogatari,1953,8.1,JP,Drama,0,0,coma/beach/baby/fish/boat/office/baseball/classroom/dream/trip/lantern/lie/ambition/water/tea/song/retirement/cake/marriage/peace/class/swing/honor/gift/teacher/school/old man,3.8448275862068964,18148
181,182,Stalker,1979,8.1,GB,Horror,0,0,,,90291
182,183,The Truman Show,1998,8.1,US,Comedy/Drama,60000000,264118201,claustrophobia/hidden camera/dystopia/reality tv/make believe/pretend,3.841357537490134,37165
183,184,The Big Lebowski,1998,8.1,GB,Comedy/Crime,15000000,46189568,"white russian/dude/bowling/vietnam veteran/carpet/nihilism/heart attack/kidnapping/lsd/marijuana/los angeles, california/millionaire/cult film/cowboy/ashes/impregnation/bowling team/unemployed/bowling ball/neo-noir/weeds",3.941470054446461,115
184,185,Relatos salvajes,2014,8.1,AR,Drama/Thriller/Comedy,0,27007072,revenge/wedding party/road rage,4.0,265195
185,186,Mary and Max,2009,8.1,AU,Animation/Comedy/Drama,590235,1725381,chocolate/letter/birthmark/only child/approach/australia/bullying/friendship bracelet/pen pals/atheist/loneliness/stop motion/neighbor/phone book/unlikely friendship/correspondence/eating disorder/asperger's syndrome,4.0519480519480515,24238
186,187,In the Name of the Father,1993,8.1,GB,Drama,13000000,65796862,bomb/prison/based on novel or book/parent child relationship/1970s/biography/faith/irish/trial/rebellion/torture/terrorism/courtroom,4.005988023952096,7984
187,188,Gone Girl,2014,8.1,US,Mystery/Thriller/Drama,61000000,369330363,based on novel or book/wife/investigation/marriage crisis/disappearance/cheating husband/missing person/search party/criminal lawyer/wife murder/murder suspect/missing wife,3.7950819672131146,210577
188,189,Hacksaw Ridge,2016,8.1,AU,Drama/History/War,40000000,175302354,japan/world war ii/violent father/pacifism/bible/biography/war/okinawa/conscientious objector/based on a true story/gore/religion/soldier/religious/alcoholic/war hero/medic/us military/battle of okinawa/congressional medal of honor,,324786
189,190,Salinui chueok,2003,8.1,KR,Crime/Drama/Thriller,2800000,26000000,corruption/rape/detective/assassin/evidence/suspect/victim/investigation/police/based on a true story/murder/true/torture/brutality/killer,4.014285714285714,11423
190,191,Mr. Smith Goes to Washington,1939,8.1,US,Comedy/Drama,1500000,9600000,washington d.c./senate/senator/sightseeing/governor/politician/idealist/dam/camp/conservative/disillusionment/political corruption/integrity/usa politics/determination/filibuster/walkout/political machine/smear campaign/expulsion attempt,3.94281045751634,3083
191,192,The General,1926,8.1,US,Adventure/Action/Comedy,750000,0,spy/southern usa/general/fiancé/cannon/bridge/engineer/army/attack/train/silent film/behind enemy lines/american civil war,4.1652892561983474,961
192,193,How to Train Your Dragon,2010,8.1,US,Fantasy/Adventure/Animation/Family,165000000,494878759,flying/blacksmith/arena/island/night/ship/training/village/forest/viking/friendship/ignorance/flight/nest/dragon/battle/combat/well/warrior,4.064102564102564,10191
193,194,Sherlock Jr.,1924,8.1,US,Action/Comedy/Mystery,0,0,amateur detective/pickpocket/slapstick/jungle/motorcycle/false accusations/silent film/projectionist/booby trap/handkerchief/magnifying glass/railyard/banana peel/pearls,3.8541666666666665,992
194,195,The Grand Budapest Hotel,2014,8.1,DE,Comedy/Drama,30000000,174600318,hotel/eastern europe/painting/author/wartime/gunfight/theft/bellboy/mentor protégé relationship/european/hotel lobby/renaissance painting/1960s/1930s,4.066371681415929,120467
195,196,Persona,1966,8.1,SE,Drama,0,0,nurse/confession/dream/betrayal/patient/violence/silence/psychiatry/submerged/institution/medical drama,4.054347826086956,797
196,197,Before Sunrise,1995,8.1,AT,Drama/Romance,2500000,5535405,sunrise/talking/soulmates/walking/austria/vienna austria/traveller/danube/romantic,3.885159010600707,76
197,198,Catch Me If You Can,2002,8.1,US,Drama/Crime,52000000,352114312,fbi/con man/biography/based on a true story/attempted jailbreak/engagement party/mislaid trust/bank fraud/inspired by a true story,3.878125,640
198,199,Cool Hand Luke,1967,8.1,US,Crime/Drama,3200000,16217773,prison/rebel/loss of loved one/based on novel or book/florida/harassment/imprisonment/dying and death/boxing match/escape/barbed wire/death/prison farm,4.072475570032573,903
199,200,Into the Wild,2007,8.1,US,Adventure/Drama,15000000,56255142,parent child relationship/camping/self-discovery/wilderness/biography/based on a true story/alaska/journey,3.9435146443514646,5915
200,201,Prisoners,2013,8.1,US,Drama/Thriller/Crime,46000000,122126687,detective/pennsylvania/hostage/kidnapping/maze/investigation/vigilante/revenge/beating/rural setting/crime scene/brutality/candlelight vigil/animal cruelty/neo-noir,3.895348837209302,146233
201,202,12 Years a Slave,2013,8.1,US,Drama/History,20000000,187000000,slavery/plantation/based on memoir or autobiography/violin player/physical abuse/black slave/american history/slave owner/19th century/sold into slavery/abolitionist/abuse of power,3.7017543859649122,76203
202,203,Le salaire de la peur,1953,8.1,FR,Drama/Thriller/Adventure,0,0,life and death/venezuela/fire/central and south america/tanker/petrol/unsociability/incomes/nitroglycerin/truck/oil/danger/driver,4.073529411764706,204
203,204,Network,1976,8.1,US,Drama,3800000,23689877,corruption/adultery/television/profit/power/tv ratings/satire/murder/corporate/reporter/co-worker/meeting/news/fired/network/anchor/structure/rant,4.0055350553505535,10774
204,205,Stand by Me,1986,8.1,US,Crime/Drama,8000000,52287414,based on novel or book/oregon/friendship/coming of age/railroad track/story within the story/flipping coin/campfire story/normandy beach/child/1950s/boys/coin toss,4.037962962962963,235
205,206,Life of Brian,1979,8.1,GB,Comedy,4000000,20045115,jewry/roman empire/three kings/crucifixion/bethlehem/independence movement/satire/religion/sermon on the mount/cult film/anarchic comedy,3.9641873278236917,583
206,207,Mad Max: Fury Road,2015,8.1,AU,Action/Adventure/Science Fiction,150000000,378858340,future/chase/post-apocalyptic/dystopia/australia/rescue/survival/on the run/convoy/peak oil/dark future,,76341
207,208,Platoon,1986,8.1,US,Drama/War/Action,6000000,138530565,hero/mine/vietnam war/village/jungle/soldier/battle/platoon/combat,3.9249394673123486,792
208,209,La passion de Jeanne d'Arc,1928,8.1,FR,Drama/History,0,0,judge/woman martyr/heresy/court case/suffering/sentence/torture chamber/religion/trial/black and white/mental illness/dove/silent film/catholicism/joan of arc/forgery/masterpiece/judiciary/15th century/burning at stake/holy communion/bloodletting,4.3125,780
209,210,Barry Lyndon,1975,8.1,GB,Drama/Romance/War,11000000,20000000,based on novel or book/palace/british army/fencing/epic/debt/ireland/british soldier/18th century/seven years war/nobility/prussia,3.8111888111888113,3175
210,211,Million Dollar Baby,2004,8.1,US,Drama,30000000,216763646,transporter/suicide attempt/fight/strong woman/boxer/dying and death/stroke of fate/training/advancement/profanity/tragedy/female protagonist/brutality/boxing trainer/unlikely friendship/female boxing/knockout/euthanasia/determination,3.883442265795207,70
211,212,Rush,2013,8.1,DE,Drama/Action,38000000,90247624,car race/world champion/sport/racing car/based on a true story/formula one,4.1,96721
212,213,Hachi: A Dog's Tale,2009,8.1,GB,Drama/Family,16000000,47801389,loyalty/human animal relationship/friendship/friends/family relationships/dog/newspaper reporter/family dog/waiting,3.4,28178
213,214,Rang De Basanti,2006,8.1,IN,Comedy/Drama/History,2200000,11502151,patriotism/students' movement/war of independence/coming of age/student/celebration/corrupt politician/indian freedom struggle,,7913
214,215,Logan,2017,8.1,US,Action/Drama/Science Fiction,97000000,619021436,cyborg/experiment/self-destruction/mutant/future/dystopia/immortality/sequel/superhero/based on comic/super power/neo-western/troubled past/life on the margin/stan lee,,263115
215,216,Andrei Rublev,1966,8.1,RU,Drama/History,0,0,painter/rape/russia/artist/power/icon/teacher/torture/middle ages,3.7777777777777777,895
216,217,Ben-Hur,1959,8.1,IT,Adventure/History,15000000,146900000,roman/prince/chariot race/jerusalem/ancient rome/governor/politics/epic/friends/remake/revenge/jewish/galley/sea battle/galley slave/1st century,3.8289205702647657,665
217,218,The Red Shoes,1948,8.0,GB,Drama/Romance,500000,0,"london, england/composer/dance performance/new love/dance/ballet dancer/music lover/ballet/red shoes",3.675,19542
218,219,Kaze no tani no Naushika,1984,8.0,JP,Adventure/Animation/Fantasy,1000000,3301446,saving the world/human vs nature/fungus spores   /future/airplane/post-apocalyptic/war/giant insect/toxic/based on manga/ecology/duringcreditsstinger/anime,4.14367816091954,81
219,220,Les quatre cents coups,1959,8.0,FR,Drama,0,0,"paris, france/delinquent/fondling/fingerprint/nouvelle vague/semi autobiographical/skipping school/mugshot/strict teacher/montmartre paris",4.147058823529412,147
220,221,Harry Potter and the Deathly Hallows: Part 2,2011,8.0,GB,Fantasy/Adventure,125000000,1342000000,self sacrifice/magic/frog/sorcerer/school/wizard/3d/based on young adult novel/wizarding world,3.9425,12445
221,222,Hotel Rwanda,2004,8.0,CA,Drama/History/War,17500000,38000000,rwanda/refugee/refugee camp/militia/rwandan genocide/murder/slaughter/dead body/atrocity/african/cruelty/violence/united nations/death,4.010588235294118,205
222,223,Amores perros,2000,8.0,MX,Drama/Thriller,2000000,20908467,homeless person/mexico city/daughter/secret love/dogfight/money/dog/nonlinear timeline/multiple storylines/new mexican cinema,4.067213114754098,55
223,224,Dead Poets Society,1989,8.0,US,Drama,16400000,235860116,individual/philosophy/poetry/william shakespeare/professor/literature/friendship/teacher/school play/vermont/schoolteacher/preparatory school/a midsummer night's dream/1950s,3.894275161588181,207
224,225,Spotlight,2015,8.0,CA,Drama/Thriller/History,20000000,88346473,gay/child abuse/journalism/newspaper/judge/florida/boston/pedophilia/sex scandal/victim/court/cover-up/based on a true story/priest/conspiracy/lawyer/catholic/catholic church/lgbt/catholicism/archdiocese/investigative journalism/cardinal,,314365
225,226,Ace in the Hole,1951,8.0,US,Drama,1821052,1300000,sheriff/journalism/new mexico/satire/rescue/reporter/trapped/desert/media hype/newspaper man/film noir/film gris,3.875,25364
226,227,Rebecca,1940,8.0,US,Drama/Mystery,1288000,6000000,monte carlo/based on novel or book/age difference/secret/obsession/bride/cornwall england/love/rural setting/devotion/housekeeper/death/estate/costume party/film noir/second wife,4.097510373443983,223
227,228,White Heat,1949,8.0,US,Crime/Drama/Thriller,0,0,prison/parent child relationship/gangster/undercover agent/mama's boy/psychopath/heist/on the run/shootout/train/explosion/killer/inmate/criminal gang/prison break/film noir/infiltrate/unfaithful wife,4.02,15794
228,229,Rocky,1976,8.0,US,Drama,1000000,117235147,underdog/philadelphia/transporter/italian american/fight/love of one's life/publicity/boxer/independence/boxing match/training/lovers/surprise/world champion/amateur/victory,3.7174479166666665,1366
229,230,"Monsters, Inc.",2001,8.0,US,Animation/Comedy/Family,115000000,562816256,monster/cheating/kidnapping/infant/villain/panic/energy supply/company/portal/rivalry/hijinks/best friend/scream/chameleon/parallel world/conveyor belt/invisibility/energy company/friend/conspirators,3.865843949044586,585
230,231,Ah-ga-ssi,2016,8.0,KR,Thriller/Drama/Romance,8575000,37692886,sex/nudity/con man/pickpocket/lesbian relationship/plot/lust/lesbian sex/mature/psychological/asian lgbt/con woman/korean/japanese occupation of korea/erotic,,290098
231,232,It Happened One Night,1934,8.0,US,Comedy/Romance,325000,4500000,miami/newspaper/marriage/reporter/black and white/screwball comedy/socialite/pre-code/based on short story/screwball/hitchhiking/rich girl/brat,4.134199134199134,3078
232,233,La haine,1995,8.0,FR,Drama,2600000,15300000,"paris, france/neo nazism/skinhead/street gang/robbery/police brutality/hip-hop/gun/socially deprived family/breakdance/arabian/ghetto/boredom/revenge/suburb/violence/police officer/unemployment/capture/xenophobia",3.98989898989899,406
233,234,Lagaan: Once Upon a Time in India,2001,8.0,IN,Adventure/Drama/Music/Romance,5200000,8100000,cricket/sport/british/arrogance/based on supposedly true story/drought/19th century/british raj,4.118421052631579,19666
234,235,Gangs of Wasseypur,2012,8.0,IN,Action/Thriller/Crime,1400000,4100000,mafia/gang,2.5,117691
235,236,The Princess Bride,1987,8.0,US,Adventure/Family/Fantasy/Comedy/Romance,16000000,30857814,based on novel or book/cult film/swashbuckler/evil prince/screwball/impersonation/grandfather grandson relationship,4.177391304347826,2493
236,237,PK,2014,8.0,,,0,0,,,307235
237,238,Before Sunset,2004,8.0,US,Drama/Romance,2700000,15992615,"paris, france/journalist/talking/soulmates/walking/bookshop/love of one's life/author",3.9689119170984455,80
238,239,The Help,2011,8.0,IN,Drama,25000000,124272124,mississippi/based on novel or book/exploitation/racial segregation/racism/writer/maid/moral courage/ressentiment/southern belle/racial issues/1960s/newspaper columnist,3.8860759493670884,50014
239,240,Butch Cassidy and the Sundance Kid,1969,8.0,US,Western,6000000,102308889,dynamite/bolivia/male friendship/on the run/shootout/train robbery/posse/last stand/escape plan/western bandits,4.055944055944056,642
240,241,Faa yeung nin wa,2000,8.0,CN,Drama/Romance,0,12854953,adultery/lovesickness/martial arts/newspaper/husband wife relationship/married couple/shanghai/deceived husband/forbidden love/singapore/marriage crisis/secret love/neighbor/author/hong kong/extramarital affair/1960s,4.0504587155963305,843
241,242,The Terminator,1984,8.0,GB,Action/Thriller/Science Fiction,6400000,78371200,"saving the world/artificial intelligence/rebel/cyborg/laser gun/shotgun/killer robot/dystopia/los angeles, california/car chase/urban setting/future war/griffith observatory",3.9247762863534676,218
242,243,Akira,1988,8.0,JP,Science Fiction/Animation,10000000,0,saving the world/total destruction/megacity/street gang/underground/general/stadium/experiment/atomic bomb/mutation/dystopia/army/cyberpunk/motorcycle gang/cult film/anime,3.805813953488372,149
243,244,"Paris, Texas",1984,8.0,DE,Drama,1746964,2181987,"sibling relationship/regret/texas/peep show/van/mute/redemption/los angeles, california/desert/family/new german cinema",3.8442028985507246,655
244,245,Munna Bhai M.B.B.S.,2003,8.0,IN,Comedy/Drama,0,0,medicine/hospital,,19625
245,246,Aladdin,1992,8.0,US,Animation/Family/Adventure/Fantasy/Romance,28000000,504050219,magic/parrot/musical/tiger/sultan/flying carpet/cartoon/princess/love/monkey/arab/aftercreditsstinger/genie/arabian nights/three wishes/animal sidekick/magic lamp,3.678671003717472,812
246,247,Guardians of the Galaxy,2014,8.0,US,Action/Science Fiction/Adventure,170000000,772776600,spacecraft/based on comic/space/orphan/adventurer/aftercreditsstinger/duringcreditsstinger/marvel cinematic universe,3.7212389380530975,118340
247,248,Mou gaan dou,2002,8.0,HK,Drama/Action/Thriller/Crime/Mystery,0,8708932,undercover/undercover agent/hong kong,3.968421052631579,10775
248,249,La battaglia di Algeri,1966,8.0,IT,Drama/War/History,800000,921548,bomb/muslim/resistance/revolution/algerian/independence/insurrection/government/torture/united nations/underground fighting/algiers/military/casbah/battle of algiers/struggle for independence,3.9754098360655736,17295
249,250,Tenkû no shiro Rapyuta,1986,8.0,JP,Adventure/Fantasy/Animation/Action/Family/Romance,0,0,flying/mine/magic/castle/lost civilisation/army/pirate/girl/government agent/floating/pendant/blue sky/air pirate/crystal/anime,4.046448087431694,10515
